ID,Year,Start,End,Operation,Parent,Duration (days),Days into parent,Drones,Air to air,Cruise missiles,Aerial bombing,Close air support,Ground troops,Paramil,US allies,State targets,Non-state targets,Latitude,Longitude,Urban,Forest,Mountain,Side A casualties,Side B casualties,Civilian casualties,US casualties,Latitude_Clean,Longitude_Clean,Coordinate_Status,Coordinate_Note
1,1989,1989-12-01,1989-12-09,1989 Philippine coup attempt,1989 Philippine coup attempt,8,0,0,1,0,0,0,1,0,1,1,1,145.938.892.364.502,120.994.445.800.781,2,0,0,,,,,14.59388924,120.9944458,cleaned_from_original,Decimal restored using operation/parent theater bbox; review if exact location matters
66,1991,1991-01-16,1991-01-17,Operation Senior Surprise,Gulf War,1,167,0,0,1,0,0,0,0,0,1,0,363.400.001.525.879,431.300.010.681.152,1,0,0,0,,,0,36.34000015,43.13000107,cleaned_from_original,Decimal restored using operation/parent theater bbox; review if exact location matters
60,1991,1991-01-18,1991-01-19,Battle of Ad-Dawrah,Gulf War,1,169,0,0,0,1,1,0,1,2,1,0,,,,,,,0,,0,30.149,48.368,approx_from_operation_name,Ad-Dawrah Offshore Oil Fields / Ad Dawrah area
46,1991,1991-01-19,1991-01-19,Package Q Strike,Gulf War,0,170,0,0,0,1,0,0,0,0,1,0,33.315.241,443.660.671,2,0,0,2,,,2,33.315241,44.3660671,cleaned_from_original,Decimal restored using operation/parent theater bbox; review if exact location matters
45,1991,1991-01-24,1991-01-24,Attack on Ras Tanura,Gulf War,0,175,0,1,0,0,0,0,0,1,1,0,26.773.008,49.998.236,1,0,0,0,2,,0,26.773008,49.998236,cleaned_from_original,Decimal restored using operation/parent theater bbox; review if exact location matters
64,1991,1991-01-24,1991-01-29,Battle of Qurah and Umm al Maradim,Gulf War,5,175,0,0,0,0,1,1,0,1,1,0,294.426.996,482.891.359,1,0,0,0,3,,0,29.4426996,48.2891359,cleaned_from_original,Decimal restored using operation/parent theater bbox; review if exact location matters
61,1991,1991-01-29,1991-02-01,Battle of Khafji,Gulf War,3,180,0,0,0,0,1,1,1,6,1,0,284.166.660.308.838,48.5,1,0,0,43,,,,28.41666603,48.5,cleaned_from_original,Decimal restored using operation/parent theater bbox; review if exact location matters
47,1991,1991-01-30,1991-01-30,Samurra Air Battle,Gulf War,0,181,0,1,0,0,0,0,0,0,1,0,335.701.198,445.411.655,2,0,0,0,0,0,0,33.5701198,44.5411655,cleaned_from_original,Decimal restored using operation/parent theater bbox; review if exact location matters
44,1991,1991-02-13,1991-02-13,Amiriyah shelter bombing,Gulf War,0,195,0,0,0,1,0,0,0,0,1,0,332.972.221.374.512,442.805.557.250.977,2,0,0,,,408,,33.29722214,44.28055573,cleaned_from_original,Decimal restored using operation/parent theater bbox; review if exact location matters
65,1991,1991-02-15,1991-02-20,Battle of Wadi Al-Batin,Gulf War,5,197,0,0,0,1,1,1,0,1,1,0,33.223.191,43.679.291,0,0,0,3,,,,33.223191,43.679291,cleaned_from_original,Decimal restored using operation/parent theater bbox; review if exact location matters
59,1991,1991-02-26,1991-02-27,Battle of 73 Easting,Gulf War,1,208,0,0,0,0,1,1,0,1,1,0,298.452.777.862.549,467.908.325.195.312,0,0,0,6,,,6,29.84527779,46.79083252,cleaned_from_original,Decimal restored using operation/parent theater bbox; review if exact location matters
62,1991,1991-02-27,1991-02-27,Battle of Kuwait International Airport,Gulf War,0,209,0,0,0,0,1,1,1,0,1,0,292.374.992.370.605,479.738.883.972.168,1,0,0,19,,,19,29.23749924,47.9738884,cleaned_from_original,Decimal restored using operation/parent theater bbox; review if exact location matters
63,1991,1991-02-27,1991-02-27,Battle of Norfolk,Gulf War,0,209,0,0,0,0,0,1,0,1,1,0,299.133.171,452.993.862,0,0,0,36,,,21,29.9133171,45.2993862,cleaned_from_original,Decimal restored using operation/parent theater bbox; review if exact location matters
53,1991,1991-03-01,1996-12-31,Operation Provide Comfort,Gulf War,2132,211,0,1,0,1,1,1,1,8,1,0,364.103.395,443.871.953,0,0,1,31,90,,5,36.4103395,44.3871953,cleaned_from_original,Decimal restored using operation/parent theater bbox; review if exact location matters
56,1993,1993-01-13,1993-01-22,January 1993 airstrikes on Iraq,Gulf War,9,895,0,0,1,1,0,0,0,2,1,0,309.397.220.611.572,460.924.987.792.969,0,0,0,0,1,5,0,30.93972206,46.09249878,cleaned_from_original,Decimal restored using operation/parent theater bbox; review if exact location matters
296,1993,1993-04-12,1995-12-20,Operation Deny Flight,Bosnian War,982,371,0,0,0,1,1,0,0,1,1,0,,,,,,9,,,1,43.915886,17.679076,approx_from_operation_name,Bosnia and Herzegovina representative point
54,1993,1993-06-26,1993-06-26,1993 cruise missile strikes on Iraq,Gulf War,0,1059,0,0,1,0,0,0,0,0,1,0,267.505.337,516.834.275,0,0,0,0,,9,0,26.7505337,51.6834275,cleaned_from_original,Decimal restored using operation/parent theater bbox; review if exact location matters
39,1993,1993-08-22,1993-10-13,Operation Gothic Serpent,Somali Civil War,52,939,0,0,0,0,1,1,1,5,1,1,20.469.343,453.181.623,,,,45,750,,19,2.0469343,45.3181623,cleaned_from_original,Decimal restored using operation/parent theater bbox; review if exact location matters
2,1994,1994-09-19,1995-03-31,Operation Uphold Democracy,1991 Haitian coup d'état,193,1086,0,0,0,0,0,1,1,2,1,0,18.971.187,-72.285.215,1,0,1,1,301,,1,18.971187,-72.285215,cleaned_from_original,Decimal restored using operation/parent theater bbox; review if exact location matters
58,1994,1994-10-08,1994-12-15,Operation Vigilant Warrior,Gulf War,68,1528,0,0,0,0,1,1,1,0,1,0,300.830.204,477.025.402,2,0,0,,,,,30.0830204,47.7025402,cleaned_from_original,Decimal restored using operation/parent theater bbox; review if exact location matters
290,1995,1995-01-01,1996-01-01,Implementation Force,Bosnian War,365,1000,0,0,0,0,0,1,0,32,1,0,43.915.886,17.679.076,0,1,1,,,,,43.915886,17.679076,cleaned_from_original,Decimal restored using operation/parent theater bbox; review if exact location matters
291,1995,1995-08-30,1995-09-20,Operation Deliberate Force,Bosnian War,21,1241,0,0,0,1,0,0,0,1,1,0,43.915.886,17.679.076,0,1,1,0,26,27,0,43.915886,17.679076,cleaned_from_original,Decimal restored using operation/parent theater bbox; review if exact location matters
49,1995,1995-12-01,1997-02-17,Operation Vigilant Sentinel,Gulf War,444,1947,0,0,0,0,1,1,0,1,1,0,267.505.337,516.834.275,0,0,0,0,0,0,0,26.7505337,51.6834275,cleaned_from_original,Decimal restored using operation/parent theater bbox; review if exact location matters
48,1996,1996-09-03,1996-09-03,Cruise missile strikes on Iraq,Gulf War,0,2224,0,0,1,0,0,0,0,0,1,0,33.223.191,43.679.291,0,0,0,,,,,33.223191,43.679291,cleaned_from_original,Decimal restored using operation/parent theater bbox; review if exact location matters
52,1997,1997-01-01,1997-03-17,Operation Northern Watch,Gulf War,75,2344,0,0,1,1,0,0,0,2,1,0,364.103.395,443.871.953,0,0,1,0,8,0,0,36.4103395,44.3871953,cleaned_from_original,Decimal restored using operation/parent theater bbox; review if exact location matters
70,1998,1998-08-20,1998-08-20,Operation Infinite Reach,cruise missile strikes on Afghanistan and Sudan,0,0,0,0,1,0,0,0,0,1,2,6,156.458.330.154.419,325.616.683.959.961,1,0,0,0,34,,0,15.64583302,32.5616684,cleaned_from_original,Decimal restored using operation/parent theater bbox; review if exact location matters
69,1998,1998-08-20,1998-08-20,Operation Infinite Reach,Operation Infinite Reach,0,0,0,0,1,0,0,0,0,1,2,6,156.458.330.154.419,325.616.683.959.961,1,0,0,0,34,,0,15.64583302,32.5616684,cleaned_from_original,Decimal restored using operation/parent theater bbox; review if exact location matters
51,1998,1998-11-11,1998-12-22,Operation Desert Thunder,Gulf War,41,3023,,,,,,,,11,1,0,267.505.337,516.834.275,,,,0,0,0,0,26.7505337,51.6834275,cleaned_from_original,Decimal restored using operation/parent theater bbox; review if exact location matters
55,1998,1998-12-16,1998-12-19,Bombing of Iraq,Gulf War,3,3058,0,0,1,1,0,1,0,1,5,0,33.223.191,43.679.291,0,0,0,0,821,,0,33.223191,43.679291,cleaned_from_original,Decimal restored using operation/parent theater bbox; review if exact location matters
50,1998,1998-12-31,2003-03-18,Operation Desert Spring,Gulf War,1538,3073,0,0,0,0,1,1,0,0,1,0,2.931.166,47.481.766,0,0,0,,,,,29.31166,47.481766,cleaned_from_original,Decimal restored using operation/parent theater bbox; review if exact location matters
305,1999,1999-03-24,1999-06-09,NATO bombing of Novi Sad,Kosovo War,77,416,0,0,0,1,0,0,0,0,1,0,45.25,198.500.003.814.697,2,0,0,0,,,0,45.25,19.85000038,cleaned_from_original,Decimal restored using operation/parent theater bbox; review if exact location matters
299,1999,1999-04-09,1999-06-10,Battle of Košare,Kosovo War,62,432,0,0,0,1,1,1,0,4,1,0,424.500.617.980.957,202.035.102.844.238,0,1,1,157,108,,,42.4500618,20.20351028,cleaned_from_original,Decimal restored using operation/parent theater bbox; review if exact location matters
301,1999,1999-04-12,1999-04-12,Grdelica train bombing,Kosovo War,0,435,0,0,1,0,0,0,0,0,1,0,428.769.683.837.891,220.859.527.587.891,0,1,1,,,,,42.87696838,22.08595276,cleaned_from_original,Decimal restored using operation/parent theater bbox; review if exact location matters
304,1999,1999-04-14,1999-04-14,NATO bombing of Albanian refugees near Gjakova,Kosovo War,0,437,0,0,0,1,0,0,0,1,1,0,423.833.351.135.254,204.333.324.432.373,2,1,1,,,73,,42.38333511,20.43333244,cleaned_from_original,Decimal restored using operation/parent theater bbox; review if exact location matters
306,1999,1999-04-24,1999-04-24,NATO bombing of the Radio Television of Serbia headquarters,Kosovo War,0,447,0,0,0,1,0,0,0,1,1,0,448.113.899.230.957,204.699.993.133.545,2,0,0,,,16,,44.81138992,20.46999931,cleaned_from_original,Decimal restored using operation/parent theater bbox; review if exact location matters
303,1999,1999-05-01,1999-05-01,Lužane bus bombing,Kosovo War,0,454,0,0,0,1,0,0,0,1,1,0,434.808.349.609.375,217.250.003.814.697,1,1,1,,,46,,43.48083496,21.72500038,cleaned_from_original,Decimal restored using operation/parent theater bbox; review if exact location matters
308,1999,1999-05-07,1999-05-07,United States bombing of the Chinese embassy in Belgrade,Kosovo War,0,460,0,0,0,1,0,0,0,0,1,0,448.250.007.629.395,204.190.006.256.104,2,0,0,0,0,3,0,44.82500076,20.41900063,cleaned_from_original,Decimal restored using operation/parent theater bbox; review if exact location matters
302,1999,1999-05-14,1999-05-14,Koriša bombing,Kosovo War,0,467,0,0,0,1,0,0,0,1,1,0,422.576.026.916.504,207.980.575.561.523,0,1,1,,,94,,42.25760269,20.79805756,cleaned_from_original,Decimal restored using operation/parent theater bbox; review if exact location matters
300,1999,1999-05-19,1999-05-23,Dubrava Prison bombings and executions,Kosovo War,4,472,0,0,0,1,0,0,0,1,1,0,427.613.906.860.352,205.294.437.408.447,0,1,1,,,,,42.76139069,20.52944374,cleaned_from_original,Decimal restored using operation/parent theater bbox; review if exact location matters
205,2001,2001-10-07,2001-10-07,Bombing of Kandahar (2001),War in Afghanistan,0,0,0,0,1,1,0,0,0,1,1,2,31.628.871,657.371.749,2,0,1,,,,,31.628871,65.7371749,cleaned_from_original,Decimal restored using operation/parent theater bbox; review if exact location matters
244,2001,2001-10-07,2001-12-01,Operation Crescent Wind,War in Afghanistan,55,0,0,0,0,0,0,0,0,1,2,1,3.393.911,67.709.953,0,0,1,3,6000,3350,,33.93911,67.709953,cleaned_from_original,Decimal restored using operation/parent theater bbox; review if exact location matters
256,2001,2001-10-19,2001-10-20,Operation Rhino,War in Afghanistan,1,12,0,0,0,1,1,1,0,0,2,1,31.628.871,657.371.749,2,0,1,2,65,,2,31.628871,65.7371749,cleaned_from_original,Decimal restored using operation/parent theater bbox; review if exact location matters
209,2001,2001-11-09,2001-11-10,Fall of Mazar-i-Sharif,War in Afghanistan,1,33,0,0,0,1,1,0,1,1,2,6,366.926.167,671.179.511,0,0,1,38,300,,,36.6926167,67.1179511,cleaned_from_original,Decimal restored using operation/parent theater bbox; review if exact location matters
271,2001,2001-11-11,2001-11-23,Siege of Kunduz,War in Afghanistan,12,35,0,0,0,1,0,0,1,1,2,3,367.285.907,688.680.663,0,0,1,,2000,,0,36.7285907,68.8680663,cleaned_from_original,Decimal restored using operation/parent theater bbox; review if exact location matters
190,2001,2001-11-12,2001-11-12,2001 uprising in Herat,War in Afghanistan,0,36,0,0,0,0,0,0,1,3,2,1,34.352.865,622.040.287,1,0,0,,,,,34.352865,62.2040287,cleaned_from_original,Decimal restored using operation/parent theater bbox; review if exact location matters
272,2001,2001-11-13,2001-11-14,Battle of Tarinkot,War in Afghanistan,1,37,0,0,0,0,1,0,1,1,2,1,32.666.404,659.036.295,0,0,1,20,300,,,32.666404,65.9036295,cleaned_from_original,Decimal restored using operation/parent theater bbox; review if exact location matters
274,2001,2001-11-13,2001-11-14,Fall of Kabul,War in Afghanistan,1,37,0,0,0,1,0,0,1,1,1,0,345.553.494,69.207.486,2,0,1,528,2314,,,34.5553494,69.207486,cleaned_from_original,Decimal restored using operation/parent theater bbox; review if exact location matters
208,2001,2001-11-22,2001-12-07,Fall of Kandahar,War in Afghanistan,15,46,0,0,0,1,1,1,1,3,2,1,31.628.871,657.371.749,2,0,1,3,,,3,31.628871,65.7371749,cleaned_from_original,Decimal restored using operation/parent theater bbox; review if exact location matters
273,2001,2001-12-06,2001-12-17,Battle of Tora Bora,War in Afghanistan,11,60,0,0,0,1,0,0,1,3,2,1,341.718.313,706.216.794,0,0,1,,200,,0,34.1718313,70.6216794,cleaned_from_original,Decimal restored using operation/parent theater bbox; review if exact location matters
188,2002,2002-01-15,2015-02-24,Operation Enduring Freedom – Philippines,Operation Enduring Freedom – Philippines,4788,0,0,0,0,0,0,1,1,2,1,4,12.879.721,121.774.017,0,0,0,,,,,12.879721,121.774017,cleaned_from_original,Decimal restored using operation/parent theater bbox; review if exact location matters
262,2002,2002-01-23,2002-01-23,Oruzgan police station attack of January 2002,War in Afghanistan,0,108,0,0,0,0,0,0,1,0,1,2,329.271.287,661.415.263,0,0,1,0,15,21,0,32.9271287,66.1415263,cleaned_from_original,Decimal restored using operation/parent theater bbox; review if exact location matters
240,2002,2002-03-01,2003-03-18,Operation Anaconda,War in Afghanistan,382,145,0,0,0,1,1,1,1,10,1,3,33.706.199,693.831.079,,,,15,500,,8,33.706199,69.3831079,cleaned_from_original,Decimal restored using operation/parent theater bbox; review if exact location matters
248,2002,2002-03-13,2002-03-19,Operation Harpoon (2002),War in Afghanistan,6,157,0,0,0,1,0,1,0,1,1,2,33.706.199,693.831.079,0,0,1,0,3,,0,33.706199,69.3831079,cleaned_from_original,Decimal restored using operation/parent theater bbox; review if exact location matters
250,2002,2002-04-16,2002-07-09,Operation Jacana,War in Afghanistan,84,191,0,0,0,0,0,0,1,3,1,2,,,,,,0,11,0,0,33.706199,69.383108,approx_from_operation_name,Khost/Paktia region; same theater as Operation Anaconda
57,2002,2002-06-01,2003-03-17,Operation Southern Focus,Gulf War,289,4321,1,0,0,1,0,0,0,0,3,0,311.042.292,463.624.686,0,0,0,0,,,,31.1042292,46.3624686,cleaned_from_original,Decimal restored using operation/parent theater bbox; review if exact location matters
252,2003,2003-01-27,2003-02-11,Operation Mongoose (2003),War in Afghanistan,15,477,0,0,0,1,1,1,1,2,1,3,313.169.444,663.286.111,0,0,1,0,22,0,0,31.3169444,66.3286111,cleaned_from_original,Decimal restored using operation/parent theater bbox; review if exact location matters
224,2003,2003-02-09,2003-02-28,Operation Eagle Fury,War in Afghanistan,19,490,0,0,0,0,0,1,1,1,1,1,313.636.474,639.586.111,0,0,1,,,,,31.3636474,63.9586111,cleaned_from_original,Decimal restored using operation/parent theater bbox; review if exact location matters
259,2003,2003-03-19,2003-03-24,Operation Valiant Strike,War in Afghanistan,5,528,0,0,0,0,0,1,0,2,1,1,31.628.871,657.371.749,2,0,1,0,,,0,31.628871,65.7371749,cleaned_from_original,Decimal restored using operation/parent theater bbox; review if exact location matters
81,2003,2003-03-20,2003-03-24,Battle of Al Faw (2003),Iraq conflict (2003–present),4,0,0,0,0,1,1,1,1,3,1,0,299.811.696,484.675.659,1,0,0,19,150,,4,29.9811696,48.4675659,cleaned_from_original,Decimal restored using operation/parent theater bbox; review if exact location matters
83,2003,2003-03-21,2003-04-06,Battle of Basra (2003),Iraq conflict (2003–present),16,1,0,0,0,1,1,1,1,3,1,0,305.257.657,47.773.797,2,0,0,11,455,,,30.5257657,47.773797,cleaned_from_original,Decimal restored using operation/parent theater bbox; review if exact location matters
89,2003,2003-03-28,2003-03-30,Operation Viking Hammer,Iraq conflict (2003–present),2,8,0,0,0,1,0,0,1,1,1,2,351.654.999,459.896.078,1,0,1,30,275,,0,35.1654999,45.9896078,cleaned_from_original,Decimal restored using operation/parent theater bbox; review if exact location matters
86,2003,2003-03-30,2003-04-04,Battle of Samawah (2003),Iraq conflict (2003–present),5,10,0,0,0,1,1,1,0,0,1,0,313.188.393,452.806.177,2,0,0,1,46,,1,31.3188393,45.2806177,cleaned_from_original,Decimal restored using operation/parent theater bbox; review if exact location matters
85,2003,2003-04-01,2003-04-10,Battle of Haditha Dam,Iraq conflict (2003–present),9,12,0,0,0,1,1,0,1,0,1,0,34.206.944,42.355,2,0,0,4,350,,4,34.206944,42.355,cleaned_from_original,Decimal restored using operation/parent theater bbox; review if exact location matters
82,2003,2003-04-03,2003-04-12,Battle of Baghdad (2003),Iraq conflict (2003–present),9,14,0,0,0,1,1,1,0,1,1,0,33.315.241,443.660.671,2,0,0,34,,,,33.315241,44.3660671,cleaned_from_original,Decimal restored using operation/parent theater bbox; review if exact location matters
84,2003,2003-04-06,2003-04-07,Battle of Debecka Pass,Iraq conflict (2003–present),1,17,0,0,0,1,0,0,1,1,1,0,358.842.620.849.609,43.783.763.885.498,0,0,0,18,,,0,35.88426208,43.78376389,cleaned_from_original,Decimal restored using operation/parent theater bbox; review if exact location matters
87,2003,2003-04-07,2003-04-10,Operation Airborne Dragon,Iraq conflict (2003–present),3,18,0,0,0,0,1,1,0,0,0,1,36.516.667,44.333.333,0,0,1,,,,,36.516667,44.333333,cleaned_from_original,Decimal restored using operation/parent theater bbox; review if exact location matters
156,2003,2003-05-15,2003-05-15,Operation Planet X,Iraq conflict (2003–present),0,56,0,0,0,0,0,1,0,1,0,1,319.966.212,443.164.007,2,0,0,,,,,31.9966212,44.3164007,cleaned_from_original,Decimal restored using operation/parent theater bbox; review if exact location matters
145,2003,2003-06-09,2003-06-13,Operation Peninsula Strike,Iraq conflict (2003–present),4,81,0,0,0,0,1,1,0,0,0,1,340.076.216,44.148.291,2,0,0,0,27,0,0,34.0076216,44.148291,cleaned_from_original,Decimal restored using operation/parent theater bbox; review if exact location matters
123,2003,2003-06-15,2003-06-29,Operation Desert Scorpion (Iraq 2003),Iraq conflict (2003–present),14,87,0,0,0,0,0,1,0,0,0,1,33.223.191,43.679.291,0,0,0,0,0,0,0,33.223191,43.679291,cleaned_from_original,Decimal restored using operation/parent theater bbox; review if exact location matters
249,2003,2003-07-02,2003-07-06,Operation Haven Denial,War in Afghanistan,4,633,0,0,0,0,1,1,0,1,1,2,32.5,688.000.030.517.578,0,0,1,,,,,32.5,68.80000305,cleaned_from_original,Decimal restored using operation/parent theater bbox; review if exact location matters
260,2003,2003-07-20,2003-09-15,Operation Warrior Sweep,War in Afghanistan,57,651,0,0,0,0,0,1,0,1,1,2,33.706.199,693.831.079,0,0,1,0,0,0,0,33.706199,69.3831079,cleaned_from_original,Decimal restored using operation/parent theater bbox; review if exact location matters
90,2003,2003-07-22,2003-07-22,2003 Mosul raid,Iraq conflict (2003–present),0,124,0,0,0,0,1,1,1,0,1,0,363.489.278,43.157.736,2,0,0,0,4,,0,36.3489278,43.157736,cleaned_from_original,Decimal restored using operation/parent theater bbox; review if exact location matters
254,2003,2003-08-30,2003-09-07,Operation Mountain Viper,War in Afghanistan,8,692,0,0,0,0,1,1,1,1,1,1,325.290.274,66.712.915,0,0,1,15,120,,1,32.5290274,66.712915,cleaned_from_original,Decimal restored using operation/parent theater bbox; review if exact location matters
253,2003,2003-11-07,2003-11-14,Operation Mountain Resolve,War in Afghanistan,7,761,0,0,0,0,1,1,1,0,1,2,362.458.343.505.859,718.438.873.291.016,0,0,1,0,,,0,36.24583435,71.84388733,cleaned_from_original,Decimal restored using operation/parent theater bbox; review if exact location matters
130,2003,2003-11-12,2003-12-25,Operation Iron Hammer (Iraq 2003),Iraq conflict (2003–present),43,237,0,0,0,1,1,1,0,1,0,1,33.315.241,443.660.671,2,0,0,0,3,0,0,33.315241,44.3660671,cleaned_from_original,Decimal restored using operation/parent theater bbox; review if exact location matters
242,2003,2003-12-01,2003-12-31,Operation Avalanche (Afghanistan),War in Afghanistan,30,785,0,0,0,0,0,1,0,1,1,1,3.393.911,67.709.953,0,0,1,2,10,15,,33.93911,67.709953,cleaned_from_original,Decimal restored using operation/parent theater bbox; review if exact location matters
118,2003,2003-12-02,2003-12-02,Operation Bayonet Lightning,Iraq conflict (2003–present),0,257,0,0,0,0,0,1,0,1,0,1,353.250.007.629.395,437.722.206.115.723,2,0,0,,,,,35.32500076,43.77222061,cleaned_from_original,Decimal restored using operation/parent theater bbox; review if exact location matters
120,2003,2003-12-04,2003-12-04,Operation Bulldog Mammoth,Iraq conflict (2003–present),0,259,0,0,0,0,1,1,0,0,1,0,332.919.425.964.355,440.655.555.725.098,2,0,0,0,0,0,0,33.2919426,44.06555557,cleaned_from_original,Decimal restored using operation/parent theater bbox; review if exact location matters
132,2003,2003-12-07,2003-12-07,Operation Iron Justice,Iraq conflict (2003–present),0,262,0,0,0,0,0,1,0,1,0,1,332.818.108,442.289.441,2,0,0,0,0,0,0,33.2818108,44.2289441,cleaned_from_original,Decimal restored using operation/parent theater bbox; review if exact location matters
144,2003,2003-12-10,2003-12-10,Operation Panther Squeeze,Iraq conflict (2003–present),0,265,0,0,0,0,0,1,0,1,0,1,33.223.191,43.679.291,0,0,0,0,0,0,0,33.223191,43.679291,cleaned_from_original,Decimal restored using operation/parent theater bbox; review if exact location matters
159,2003,2003-12-13,2003-12-13,Operation Red Dawn,Iraq conflict (2003–present),0,268,0,0,0,0,1,1,1,0,1,0,344.377.735,438.004.115,2,0,0,0,0,0,0,34.4377735,43.8004115,cleaned_from_original,Decimal restored using operation/parent theater bbox; review if exact location matters
135,2003,2003-12-17,2003-12-17,Operation Ivy Blizzard,Iraq conflict (2003–present),0,272,0,0,0,0,0,1,0,1,0,1,341.660.043,439.055.155,2,0,0,0,0,0,0,34.1660043,43.9055155,cleaned_from_original,Decimal restored using operation/parent theater bbox; review if exact location matters
3,2004,2004-02-29,2004-07-01,Operation Secure Tomorrow,2004 Haitian coup d'état,123,24,0,0,0,0,0,1,1,3,0,1,18.594.395,-723.074.326,0,0,1,0,,,0,18.594395,-72.3074326,cleaned_from_original,Decimal restored using operation/parent theater bbox; review if exact location matters
133,2004,2004-04-01,2004-06-22,Operation Iron Saber,Iraq conflict (2003–present),82,378,0,0,0,0,0,1,0,1,1,1,320.106.646,443.265.272,2,0,0,0,0,0,0,32.0106646,44.3265272,cleaned_from_original,Decimal restored using operation/parent theater bbox; review if exact location matters
106,2004,2004-04-04,2004-05-01,First Battle of Fallujah,Iraq conflict (2003–present),27,381,0,0,0,1,1,1,1,0,1,3,333.443.576,437.812.773,2,0,0,27,206,594,27,33.3443576,43.7812773,cleaned_from_original,Decimal restored using operation/parent theater bbox; review if exact location matters
169,2004,2004-04-04,2008-05-11,Siege of Sadr City,Iraq conflict (2003–present),1498,381,1,0,0,1,1,1,1,2,2,1,333.899.339,444.606.524,2,0,0,325,3050,,,33.3899339,44.4606524,cleaned_from_original,Decimal restored using operation/parent theater bbox; review if exact location matters
241,2004,2004-06-02,2004-06-17,Operation Asbury Park,War in Afghanistan,15,969,0,0,0,0,1,1,0,1,1,2,326.191.940.307.617,667.958.297.729.492,0,0,1,0,100,,0,32.61919403,66.79582977,cleaned_from_original,Decimal restored using operation/parent theater bbox; review if exact location matters
146,2004,2004-08-01,2004-08-30,Operation Phantom Linebacker,Iraq conflict (2003–present),29,500,0,0,0,0,0,1,0,3,1,1,33.315.241,443.660.671,2,0,0,0,0,0,0,33.315241,44.3660671,cleaned_from_original,Decimal restored using operation/parent theater bbox; review if exact location matters
94,2004,2004-08-05,2004-08-27,Battle of Najaf (2004),Iraq conflict (2003–present),22,504,0,0,0,0,1,1,0,1,1,1,320.106.646,443.265.272,2,0,0,53,159,,13,32.0106646,44.3265272,cleaned_from_original,Decimal restored using operation/parent theater bbox; review if exact location matters
96,2004,2004-10-01,2004-10-03,Battle of Samarra (2004),Iraq conflict (2003–present),2,561,0,0,0,0,0,1,0,1,1,2,341.660.043,439.055.155,2,0,0,1,127,20,1,34.1660043,43.9055155,cleaned_from_original,Decimal restored using operation/parent theater bbox; review if exact location matters
167,2004,2004-11-07,2004-12-23,Second Battle of Fallujah,Iraq conflict (2003–present),46,598,1,0,0,1,0,1,1,2,1,8,333.443.576,437.812.773,2,0,0,108,1350,621,95,33.3443576,43.7812773,cleaned_from_original,Decimal restored using operation/parent theater bbox; review if exact location matters
88,2004,2004-11-23,2004-11-23,Operation Plymouth Rock,Iraq conflict (2003–present),0,614,0,0,0,0,0,1,0,2,0,1,33.315.241,443.660.671,2,0,0,0,0,0,0,33.315241,44.3660671,cleaned_from_original,Decimal restored using operation/parent theater bbox; review if exact location matters
117,2005,2005-04-12,2005-04-12,Operation Badlands,Iraq conflict (2003–present),0,754,0,0,0,0,0,1,0,0,0,1,333.962.011,437.046.653,2,0,0,0,0,0,0,33.3962011,43.7046653,cleaned_from_original,Decimal restored using operation/parent theater bbox; review if exact location matters
258,2005,2005-05-05,2005-05-14,Operation Tar Heels,War in Afghanistan,9,1306,0,0,0,0,0,1,0,0,1,1,35.982.666.015.625,660.832.748.413.086,0,0,0,2,29,,2,35.98266602,66.08327484,cleaned_from_original,Decimal restored using operation/parent theater bbox; review if exact location matters
92,2005,2005-05-08,2005-05-19,Battle of Al-Qa'im,Iraq conflict (2003–present),11,780,0,0,0,0,0,1,0,0,0,1,342.200.012.207.031,410.539.016.723.633,0,0,0,9,125,,9,34.22000122,41.05390167,cleaned_from_original,Decimal restored using operation/parent theater bbox; review if exact location matters
251,2005,2005-05-13,2005-05-23,Operation Karez,War in Afghanistan,10,1314,0,0,0,0,1,0,0,4,1,1,351.671.339,637.695.384,0,0,0,0,14,,,35.1671339,63.7695384,cleaned_from_original,Decimal restored using operation/parent theater bbox; review if exact location matters
103,2005,2005-05-22,2005-05-22,Operation Squeeze Play,Iraq conflict (2003–present),0,794,0,0,0,0,0,1,0,1,0,1,36.202.016,44.019.991,2,0,1,,,,,36.202016,44.019991,cleaned_from_original,Decimal restored using operation/parent theater bbox; review if exact location matters
143,2005,2005-05-24,2005-05-30,Operation New Market,Iraq conflict (2003–present),6,796,0,0,0,1,0,0,0,1,0,1,341.251.832,42.374.164,2,0,0,2,11,,,34.1251832,42.374164,cleaned_from_original,Decimal restored using operation/parent theater bbox; review if exact location matters
102,2005,2005-06-17,2005-06-22,Operation Spear,Iraq conflict (2003–present),5,820,0,0,0,1,0,1,0,1,0,1,343.843.134,410.183.205,2,0,0,,,4,,34.3843134,41.0183205,cleaned_from_original,Decimal restored using operation/parent theater bbox; review if exact location matters
121,2005,2005-06-18,2005-06-18,Operation Dagger,Iraq conflict (2003–present),0,821,0,0,0,0,0,1,0,1,0,1,36.202.016,44.019.991,2,0,1,,,,,36.202016,44.019991,cleaned_from_original,Decimal restored using operation/parent theater bbox; review if exact location matters
235,2005,2005-06-27,2005-07-15,Operation Red Wings,War in Afghanistan,18,1359,0,0,0,0,1,0,1,0,1,1,348.697.204.589.844,70,0,0,1,19,35,,19,34.86972046,70,cleaned_from_original,Decimal restored using operation/parent theater bbox; review if exact location matters
109,2005,2005-07-01,2005-12-22,Operation Sayeed,Iraq conflict (2003–present),174,834,0,0,0,1,1,1,1,1,1,4,336.450.004.577.637,428.263.893.127.441,,,,70,757,,54,33.64500046,42.82638931,cleaned_from_original,Decimal restored using operation/parent theater bbox; review if exact location matters
166,2005,2005-07-14,2005-07-14,Operation Warrior's Rage,Iraq conflict (2003–present),0,847,0,0,0,0,0,1,0,0,0,1,33.315.241,443.660.671,2,0,0,0,0,0,,33.315241,44.3660671,cleaned_from_original,Decimal restored using operation/parent theater bbox; review if exact location matters
139,2005,2005-07-23,2007-07-23,Operation Marlborough,Iraq conflict (2003–present),730,856,0,0,0,0,0,1,1,1,0,1,33.315.241,443.660.671,2,0,0,0,3,0,0,33.315241,44.3660671,cleaned_from_original,Decimal restored using operation/parent theater bbox; review if exact location matters
114,2005,2005-08-04,2005-08-04,Operation Able Warrior,Iraq conflict (2003–present),0,868,0,0,0,0,0,1,0,0,0,1,33.315.241,443.660.671,2,0,0,0,0,0,0,33.315241,44.3660671,cleaned_from_original,Decimal restored using operation/parent theater bbox; review if exact location matters
261,2005,2005-08-13,2005-08-18,Operation Whalers,War in Afghanistan,5,1406,0,0,0,0,1,1,0,0,1,1,348.465.893,71.097.317,0,0,1,1,150,,1,34.8465893,71.097317,cleaned_from_original,Decimal restored using operation/parent theater bbox; review if exact location matters
97,2005,2005-09-01,2005-09-18,Battle of Tal Afar (2005),Iraq conflict (2003–present),17,896,0,0,0,0,0,1,0,1,1,2,363.623.583,424.036.715,2,0,0,19,163,,4,36.3623583,42.4036715,cleaned_from_original,Decimal restored using operation/parent theater bbox; review if exact location matters
110,2005,2005-11-05,2005-11-22,Operation Steel Curtain,Iraq conflict (2003–present),17,961,0,0,0,1,0,1,0,1,1,2,343.843.134,410.183.205,2,0,0,10,139,97,,34.3843134,41.0183205,cleaned_from_original,Decimal restored using operation/parent theater bbox; review if exact location matters
131,2005,2005-11-30,2006-01-03,Operation Iron Hammer (Iraq 2005),Iraq conflict (2003–present),34,986,0,0,0,0,0,1,0,1,0,1,336.435.199,428.253.662,2,0,0,0,,,0,33.6435199,42.8253662,cleaned_from_original,Decimal restored using operation/parent theater bbox; review if exact location matters
113,2005,2005-12-08,2005-12-09,Operation Able Rising Force,Iraq conflict (2003–present),1,994,0,0,0,0,0,1,0,1,0,1,316.979.446.411.133,444.701.385.498.047,0,0,0,,,,,31.69794464,44.47013855,cleaned_from_original,Decimal restored using operation/parent theater bbox; review if exact location matters
111,2006,2006-02-22,2008-05-11,Battle of Baghdad,Iraq conflict (2003–present),809,1070,0,0,0,0,0,1,0,3,1,11,333.499.984.741.211,444.166.679.382.324,,,,,,11000,,33.34999847,44.41666794,cleaned_from_original,Decimal restored using operation/parent theater bbox; review if exact location matters
95,2006,2006-03-15,2006-11-15,Battle of Ramadi (2006),Iraq conflict (2003–present),245,1091,0,0,0,1,1,1,1,1,1,2,334.366.231,432.682.801,2,0,0,124,925,,94,33.4366231,43.2682801,cleaned_from_original,Decimal restored using operation/parent theater bbox; review if exact location matters
104,2006,2006-03-16,2006-03-22,Operation Swarmer,Iraq conflict (2003–present),6,1092,0,0,0,1,1,1,0,1,1,3,341.983.337.402.344,438.741.683.959.961,2,0,0,0,0,,0,34.19833374,43.8741684,cleaned_from_original,Decimal restored using operation/parent theater bbox; review if exact location matters
162,2006,2006-03-24,2006-03-25,Operation Scorpion,Iraq conflict (2003–present),1,1100,0,0,0,1,0,0,0,1,1,3,354.666.329,443.798.895,2,0,1,0,0,0,0,35.4666329,44.3798895,cleaned_from_original,Decimal restored using operation/parent theater bbox; review if exact location matters
136,2006,2006-04-16,2006-04-16,Operation Larchwood 4,Iraq conflict (2003–present),0,1123,0,0,0,0,0,0,1,2,1,2,330.790.908,442.519.564,2,0,0,0,5,1,0,33.0790908,44.2519564,cleaned_from_original,Decimal restored using operation/parent theater bbox; review if exact location matters
134,2006,2006-05-09,2006-05-09,Operation Iron Triangle,Iraq conflict (2003–present),0,1146,0,0,0,0,0,1,0,0,0,1,341.660.043,439.055.155,2,0,0,0,4,,0,34.1660043,43.9055155,cleaned_from_original,Decimal restored using operation/parent theater bbox; review if exact location matters
230,2006,2006-05-15,2006-07-31,Operation Mountain Thrust,War in Afghanistan,77,1681,0,0,0,0,1,1,0,7,1,2,,,,,,155,1134,,24,32,65.6,approx_from_operation_name,Southern Afghanistan: Uruzgan/Helmand/Kandahar/Zabul/Paktika area
227,2006,2006-06-23,2006-06-24,Operation Kaika,War in Afghanistan,1,1720,0,0,0,1,1,1,1,1,1,1,31.628.871,657.371.749,2,0,1,5,120,3,2,31.628871,65.7371749,cleaned_from_original,Decimal restored using operation/parent theater bbox; review if exact location matters
128,2006,2006-07-01,2006-07-31,Operation Gaugamela,Iraq conflict (2003–present),30,1199,0,0,0,0,1,1,0,1,1,2,354.666.329,443.798.895,2,0,1,0,0,,0,35.4666329,44.3798895,cleaned_from_original,Decimal restored using operation/parent theater bbox; review if exact location matters
255,2006,2006-07-01,2006-07-31,Operation Perth,War in Afghanistan,30,1728,0,0,0,0,1,0,0,1,1,1,328.475.517,660.106.684,0,0,1,0,150,,0,32.8475517,66.0106684,cleaned_from_original,Decimal restored using operation/parent theater bbox; review if exact location matters
164,2006,2006-07-09,2006-10-24,Operation Together Forward,Iraq conflict (2003–present),107,1207,0,0,0,0,0,1,0,2,1,2,33.315.241,443.660.671,2,0,0,298,400,,,33.315241,44.3660671,cleaned_from_original,Decimal restored using operation/parent theater bbox; review if exact location matters
217,2006,2006-07-17,2006-09-20,Siege of Musa Qala,War in Afghanistan,65,1744,0,0,0,1,1,0,0,5,1,1,313.636.474,639.586.111,0,0,1,14,200,,0,31.3636474,63.9586111,cleaned_from_original,Decimal restored using operation/parent theater bbox; review if exact location matters
160,2006,2006-07-25,2006-07-27,Operation River Falcon,Iraq conflict (2003–present),2,1223,0,0,0,0,0,1,0,1,0,1,33.247.200.012.207,443.568.000.793.457,2,0,0,0,0,0,0,33.24720001,44.35680008,cleaned_from_original,Decimal restored using operation/parent theater bbox; review if exact location matters
129,2006,2006-08-01,2006-09-30,Operation Guardian Tiger IV,Iraq conflict (2003–present),60,1230,0,0,0,0,0,1,0,1,0,1,34.139.720.916.748,423.780.555.725.098,2,0,0,0,,,0,34.13972092,42.37805557,cleaned_from_original,Decimal restored using operation/parent theater bbox; review if exact location matters
112,2006,2006-08-17,2007-02-14,Second Battle of Habbaniyah,Iraq conflict (2003–present),181,1246,0,0,0,0,0,1,0,0,0,1,333.806.001,43.584.719,2,0,0,14,37,,14,33.3806001,43.584719,cleaned_from_original,Decimal restored using operation/parent theater bbox; review if exact location matters
108,2006,2006-09-01,2007-02-01,Operation Al Majid,Iraq conflict (2003–present),153,1261,0,0,0,0,0,0,1,1,0,1,343.722.229.003.906,419.874.992.370.605,0,0,0,,,,,34.3722229,41.98749924,cleaned_from_original,Decimal restored using operation/parent theater bbox; review if exact location matters
203,2006,2006-09-02,2006-09-17,Operation Medusa,War in Afghanistan,15,1791,0,0,0,0,0,0,1,5,1,1,315.434.701,654.608.867,0,0,1,31,512,,1,31.5434701,65.4608867,cleaned_from_original,Decimal restored using operation/parent theater bbox; review if exact location matters
229,2006,2006-09-16,2007-01-15,Operation Mountain Fury,War in Afghanistan,121,1805,0,0,0,1,0,1,0,6,1,2,33.706.199,693.831.079,0,0,1,,,,,33.706199,69.3831079,cleaned_from_original,Decimal restored using operation/parent theater bbox; review if exact location matters
279,2006,2006-10-30,2006-10-31,Chenagai airstrike,Insurgency in Khyber Pakhtunkhwa,1,958,1,0,0,0,0,0,0,0,1,1,347.313.165,715.130.445,0,0,1,,,,,34.7313165,71.5130445,cleaned_from_original,Decimal restored using operation/parent theater bbox; review if exact location matters
99,2006,2006-11-15,2006-11-16,Battle of Turki,Iraq conflict (2003–present),1,1336,0,0,0,0,1,1,0,0,0,1,337.517.053,446.080.708,2,0,0,2,72,,2,33.7517053,44.6080708,cleaned_from_original,Decimal restored using operation/parent theater bbox; review if exact location matters
182,2007,2007-01-05,2007-01-12,Battle of Ras Kamboni,Operation Enduring Freedom – Horn of Africa,7,1551,1,0,0,1,0,0,1,2,1,4,-16.360.371,415.837.116,0,0,0,,,,,-1.6360371,41.5837116,cleaned_from_original,Decimal restored using operation/parent theater bbox; review if exact location matters
93,2007,2007-01-06,2007-01-09,Battle of Haifa Street,Iraq conflict (2003–present),3,1388,0,0,0,0,1,1,0,1,0,2,33.315.241,443.660.671,2,0,0,,20,,,33.315241,44.3660671,cleaned_from_original,Decimal restored using operation/parent theater bbox; review if exact location matters
71,2007,2007-01-11,2007-01-11,U.S. raid on the Iranian Liaison Office in Arbil,U.S. raid on the Iranian Liaison Office in Arbil,0,0,0,0,0,0,0,0,1,0,1,0,36.190.073,439.930.303,2,0,1,,,,,36.190073,43.9930303,cleaned_from_original,Decimal restored using operation/parent theater bbox; review if exact location matters
115,2007,2007-01-18,2007-01-18,Operation Arbead II,Iraq conflict (2003–present),0,1400,0,0,0,0,0,1,0,0,0,1,333.443.576,437.812.773,2,0,0,0,0,0,0,33.3443576,43.7812773,cleaned_from_original,Decimal restored using operation/parent theater bbox; review if exact location matters
170,2007,2007-02-14,2007-11-24,Operation Imposing Law,Iraq conflict (2003–present),283,1427,0,0,0,0,1,1,0,4,0,2,33.315.241,443.660.671,2,0,0,872,1219,7482,324,33.315241,44.3660671,cleaned_from_original,Decimal restored using operation/parent theater bbox; review if exact location matters
163,2007,2007-02-15,2007-02-15,Operation Shurta Nasir,Iraq conflict (2003–present),0,1428,0,0,0,0,0,1,1,1,0,1,336.435.199,428.253.662,2,0,0,0,,,0,33.6435199,42.8253662,cleaned_from_original,Decimal restored using operation/parent theater bbox; review if exact location matters
142,2007,2007-02-18,2007-03-02,Operation Murfreesboro,Iraq conflict (2003–present),12,1431,0,0,0,0,0,1,1,1,0,1,334.366.231,432.682.801,2,0,0,15,69,,5,33.4366231,43.2682801,cleaned_from_original,Decimal restored using operation/parent theater bbox; review if exact location matters
223,2007,2007-03-06,2007-05-30,Operation Achilles,War in Afghanistan,85,1976,0,0,0,0,0,1,0,6,1,1,313.636.474,639.586.111,0,0,1,35,,,6,31.3636474,63.9586111,cleaned_from_original,Decimal restored using operation/parent theater bbox; review if exact location matters
100,2007,2007-03-10,2007-08-19,Battle of Baqubah,Iraq conflict (2003–present),162,1451,0,0,0,1,1,1,0,1,0,1,337.517.053,446.080.708,2,0,0,43,227,,31,33.7517053,44.6080708,cleaned_from_original,Decimal restored using operation/parent theater bbox; review if exact location matters
165,2007,2007-04-05,2007-05-05,Operation Valiant Guardian,Iraq conflict (2003–present),30,1477,0,0,0,0,0,1,0,1,0,1,325.597.614,419.196.471,0,0,0,,,,,32.5597614,41.9196471,cleaned_from_original,Decimal restored using operation/parent theater bbox; review if exact location matters
119,2007,2007-04-06,2007-04-10,Operation Black Eagle,Iraq conflict (2003–present),4,1478,0,0,0,0,0,1,0,3,1,1,319.740.458,448.957.445,2,0,0,36,25,,6,31.9740458,44.8957445,cleaned_from_original,Decimal restored using operation/parent theater bbox; review if exact location matters
281,2007,2007-04-20,2007-04-20,Laghman airstrikes,Insurgency in Khyber Pakhtunkhwa,0,1130,0,0,0,1,0,0,0,1,1,1,346.897.687,701.455.805,0,0,1,0,20,,0,34.6897687,70.1455805,cleaned_from_original,Decimal restored using operation/parent theater bbox; review if exact location matters
127,2007,2007-04-26,2007-05-05,Operation Forsythe Park,Iraq conflict (2003–present),9,1498,0,0,0,0,0,1,0,1,0,2,334.607.434,4.347.411,0,0,0,6,,,,33.4607434,43.47411,cleaned_from_original,Decimal restored using operation/parent theater bbox; review if exact location matters
151,2007,2007-04-26,2007-05-05,Operation Alljah,Iraq conflict (2003–present),9,1498,0,0,0,0,1,1,0,1,0,2,334.607.434,4.347.411,0,0,0,6,,,,33.4607434,43.47411,cleaned_from_original,Decimal restored using operation/parent theater bbox; review if exact location matters
125,2007,2007-05-26,2007-05-26,Operation Dragon Fire East,Iraq conflict (2003–present),0,1528,0,0,0,0,0,1,0,1,0,1,332.309.855,443.425.754,2,0,0,0,0,0,0,33.2309855,44.3425754,cleaned_from_original,Decimal restored using operation/parent theater bbox; review if exact location matters
232,2007,2007-05-30,2007-06-14,Operation Pickaxe-Handle,War in Afghanistan,15,2061,0,0,0,1,0,1,0,6,1,1,313.636.474,639.586.111,0,0,1,11,100,,7,31.3636474,63.9586111,cleaned_from_original,Decimal restored using operation/parent theater bbox; review if exact location matters
181,2007,2007-05-31,2007-06-03,Battle of Bargal (2007),Operation Enduring Freedom – Horn of Africa,3,1697,0,0,0,0,0,1,0,1,1,1,112.854.783,510.762.536,0,0,0,0,12,,0,1.12854783,51.0762536,cleaned_from_original,Decimal restored using operation/parent theater bbox; review if exact location matters
105,2007,2007-06-07,2007-06-07,Operation Tiger Hammer,Iraq conflict (2003–present),0,1540,0,0,0,0,0,1,0,0,0,1,333.681.412,44.363.851,2,0,0,0,0,0,0,33.3681412,44.363851,cleaned_from_original,Decimal restored using operation/parent theater bbox; review if exact location matters
152,2007,2007-06-16,2007-08-14,Operation Phantom Thunder,Iraq conflict (2003–present),59,1549,0,0,0,1,1,1,0,4,1,3,33.223.191,43.679.291,,,,380,1196,,140,33.223191,43.679291,cleaned_from_original,Decimal restored using operation/parent theater bbox; review if exact location matters
155,2007,2007-06-16,2007-08-14,Operation Marne Torch,Iraq conflict (2003–present),59,1549,1,0,0,1,1,1,0,1,0,2,32.468.191,445.501.935,,,,16,88,,13,32.468191,44.5501935,cleaned_from_original,Decimal restored using operation/parent theater bbox; review if exact location matters
116,2007,2007-06-17,2007-06-17,Operation Ardennes,Iraq conflict (2003–present),0,1550,0,0,0,0,0,1,0,1,0,1,309.608.333,461.061.111,0,0,0,0,0,0,0,30.9608333,46.1061111,cleaned_from_original,Decimal restored using operation/parent theater bbox; review if exact location matters
154,2007,2007-06-21,2007-08-14,Operation Commando Eagle,Iraq conflict (2003–present),54,1554,0,0,0,0,1,1,0,1,0,2,33.223.191,43.679.291,0,0,0,25,12,,7,33.223191,43.679291,cleaned_from_original,Decimal restored using operation/parent theater bbox; review if exact location matters
215,2007,2007-06-22,2007-06-22,2007 Helmand Province airstrikes,War in Afghanistan,0,2084,0,0,0,1,0,0,0,0,1,1,313.636.474,639.586.111,0,0,1,0,,45,0,31.3636474,63.9586111,cleaned_from_original,Decimal restored using operation/parent theater bbox; review if exact location matters
153,2007,2007-06-24,2007-06-26,Operation Bull Run,Iraq conflict (2003–present),2,1557,0,0,0,0,0,1,0,1,0,2,33.223.191,43.679.291,0,0,0,1,6,,,33.223191,43.679291,cleaned_from_original,Decimal restored using operation/parent theater bbox; review if exact location matters
214,2007,2007-06-28,2007-06-28,Hyderabad airstrike,War in Afghanistan,0,2090,0,0,0,1,0,1,0,0,1,1,313.636.474,639.586.111,0,0,1,,,,,31.3636474,63.9586111,cleaned_from_original,Decimal restored using operation/parent theater bbox; review if exact location matters
161,2007,2007-07-10,2007-07-11,Operation Saber Guardian,Iraq conflict (2003–present),1,1573,0,0,0,0,0,1,0,1,0,2,340.545.997.619.629,448.867.988.586.426,2,0,0,,20,,,34.05459976,44.88679886,cleaned_from_original,Decimal restored using operation/parent theater bbox; review if exact location matters
137,2007,2007-07-11,2007-07-11,Operation Leyte Gulf,Iraq conflict (2003–present),0,1574,0,0,0,0,0,0,1,1,0,1,330.546.082,443.578.639,2,0,0,0,0,0,0,33.0546082,44.3578639,cleaned_from_original,Decimal restored using operation/parent theater bbox; review if exact location matters
126,2007,2007-07-12,2007-07-12,Operation Eagle Ares,Iraq conflict (2003–present),0,1575,0,0,0,0,1,1,0,1,0,1,330.166.664.123.535,442.999.992.370.605,2,0,0,0,0,0,0,33.01666641,44.29999924,cleaned_from_original,Decimal restored using operation/parent theater bbox; review if exact location matters
157,2007,2007-07-14,2007-07-14,Operation Polar Tempest,Iraq conflict (2003–present),0,1577,0,0,0,0,0,1,0,1,0,1,,,1,0,0,0,1,,0,33.2,44.3,approx_from_operation_name,"Villages near al-Owesat and al-Thobat, southwest Baghdad area"
141,2007,2007-07-15,2007-07-15,Operation Mawtini,Iraq conflict (2003–present),0,1578,0,0,0,0,0,1,0,1,0,1,329.000.015.258.789,415.999.984.741.211,0,0,0,0,,,0,32.90000153,41.59999847,cleaned_from_original,Decimal restored using operation/parent theater bbox; review if exact location matters
158,2007,2007-07-15,2007-07-15,Operation Purple Haze,Iraq conflict (2003–present),0,1578,0,0,0,0,0,1,0,1,0,1,33.315.241,443.660.671,2,0,0,0,0,0,0,33.315241,44.3660671,cleaned_from_original,Decimal restored using operation/parent theater bbox; review if exact location matters
140,2007,2007-07-16,2007-08-15,Operation Marne Avalanche,Iraq conflict (2003–present),30,1579,0,0,0,0,0,0,0,1,0,1,33.315.241,443.660.671,2,0,0,0,83,,0,33.315241,44.3660671,cleaned_from_original,Decimal restored using operation/parent theater bbox; review if exact location matters
226,2007,2007-07-24,2007-07-27,Operation Hammer (Afghanistan),War in Afghanistan,3,2116,0,0,0,0,1,0,0,5,1,1,313.636.474,639.586.111,0,0,1,3,100,,0,31.3636474,63.9586111,cleaned_from_original,Decimal restored using operation/parent theater bbox; review if exact location matters
149,2007,2007-08-15,2008-01-01,Operation Phantom Strike,Iraq conflict (2003–present),139,1609,0,0,0,1,1,1,0,1,1,3,33.223.191,43.679.291,,,,11,330,,11,33.223191,43.679291,cleaned_from_original,Decimal restored using operation/parent theater bbox; review if exact location matters
236,2007,2007-10-19,2007-10-25,Operation Rock Avalanche,War in Afghanistan,6,2203,0,0,0,0,1,1,0,1,1,1,348.465.893,71.097.317,0,0,1,3,45,10,,34.8465893,71.097317,cleaned_from_original,Decimal restored using operation/parent theater bbox; review if exact location matters
150,2007,2007-11-16,2007-11-16,Operation Marne Courageous,Iraq conflict (2003–present),0,1702,0,0,0,0,1,1,0,0,0,1,33.315.241,443.660.671,2,0,0,0,0,0,0,33.315241,44.3660671,cleaned_from_original,Decimal restored using operation/parent theater bbox; review if exact location matters
138,2007,2007-11-17,,Operation Lion's Leap,Iraq conflict (2003–present),,1703,0,0,0,0,0,1,0,3,1,1,319.740.458,448.957.445,2,0,0,0,0,0,0,31.9740458,44.8957445,cleaned_from_original,Decimal restored using operation/parent theater bbox; review if exact location matters
148,2008,2008-01-08,2008-07-28,Operation Phantom Phoenix,Iraq conflict (2003–present),202,1755,0,0,0,1,0,1,1,3,0,2,33.223.191,43.679.291,,,,839,890,,59,33.223191,43.679291,cleaned_from_original,Decimal restored using operation/parent theater bbox; review if exact location matters
147,2008,2008-01-23,2008-07-28,Nineveh campaign,Iraq conflict (2003–present),187,1770,0,0,0,0,0,1,0,1,0,2,36.229.574,422.362.435,0,0,0,337,224,548,17,36.229574,42.2362435,cleaned_from_original,Decimal restored using operation/parent theater bbox; review if exact location matters
41,2008,2008-03-03,2008-03-03,Dobley airstrike,Somali Civil War,0,6246,0,0,1,0,0,0,0,0,1,1,5.152.149,46.199.616,0,0,0,,,,,5.152149,46.199616,cleaned_from_original,Decimal restored using operation/parent theater bbox; review if exact location matters
107,2008,2008-03-25,2008-05-15,Iraq spring fighting of 2008,Iraq conflict (2003–present),51,1832,0,0,0,1,1,1,0,3,1,3,33.223.191,43.679.291,,,,191,700,1116,35,33.223191,43.679291,cleaned_from_original,Decimal restored using operation/parent theater bbox; review if exact location matters
168,2008,2008-03-25,2008-03-31,Battle of Basra (2008),Iraq conflict (2003–present),6,1832,0,0,0,1,0,0,1,4,1,4,305.257.657,47.773.797,2,0,0,30,400,50,,30.5257657,47.773797,cleaned_from_original,Decimal restored using operation/parent theater bbox; review if exact location matters
122,2008,2008-03-30,2008-09-01,Operation Defeat Al Qaeda in the North,Iraq conflict (2003–present),155,1837,0,0,0,0,0,1,1,1,1,1,,,,,,,,,,34.2,43.7,approx_from_operation_name,Northern Iraq area north of Lake Tharthar
216,2008,2008-04-01,2008-09-08,Battle of Garmsir,War in Afghanistan,160,2368,0,0,0,0,0,1,0,3,1,1,313.636.474,639.586.111,0,0,1,,,,,31.3636474,63.9586111,cleaned_from_original,Decimal restored using operation/parent theater bbox; review if exact location matters
204,2008,2008-04-06,2008-04-06,Battle of Shok Valley,War in Afghanistan,0,2373,0,0,0,1,1,0,1,1,1,1,353.250.223,709.071.236,0,0,1,3,175,,1,35.3250223,70.9071236,cleaned_from_original,Decimal restored using operation/parent theater bbox; review if exact location matters
183,2008,2008-05-01,2008-05-01,Dhusamareb airstrike,Operation Enduring Freedom – Horn of Africa,0,2033,0,0,0,1,0,0,0,0,1,1,55.380.625,463.864.672,0,0,0,,,,,5.5380625,46.3864672,cleaned_from_original,Decimal restored using operation/parent theater bbox; review if exact location matters
211,2008,2008-06-10,2008-06-10,Gora Prai airstrike,War in Afghanistan,0,2438,0,0,0,1,0,0,0,0,1,1,345.355.951,712.874.209,0,0,1,,,,,34.5355951,71.2874209,cleaned_from_original,Decimal restored using operation/parent theater bbox; review if exact location matters
213,2008,2008-07-06,2008-07-06,Haska Meyna wedding party airstrike,War in Afghanistan,0,2464,0,0,0,1,0,0,0,0,1,1,340.926.303,704.692.245,0,0,1,,,47,,34.0926303,70.4692245,cleaned_from_original,Decimal restored using operation/parent theater bbox; review if exact location matters
101,2008,2008-07-29,2008-08-11,Operation Augurs of Prosperity,Iraq conflict (2003–present),13,1958,0,0,0,0,0,1,0,1,0,2,337.733.487,451.494.505,0,0,0,58,15,70,0,33.7733487,45.1494505,cleaned_from_original,Decimal restored using operation/parent theater bbox; review if exact location matters
195,2008,2008-08-22,2008-08-22,Azizabad airstrike,War in Afghanistan,0,2511,0,0,0,1,0,0,0,0,1,1,33.363.956,62.343.346,0,0,0,,,85,,33.363956,62.343346,cleaned_from_original,Decimal restored using operation/parent theater bbox; review if exact location matters
225,2008,2008-08-27,2008-09-05,Operation Eagle's Summit,War in Afghanistan,9,2516,0,0,0,0,1,0,0,7,1,1,323.219.451.904.297,651.188.888.549.805,0,0,1,5,200,,0,32.32194519,65.11888885,cleaned_from_original,Decimal restored using operation/parent theater bbox; review if exact location matters
202,2008,2008-09-02,2008-09-02,Battle of Khaz Oruzgan,War in Afghanistan,0,2522,0,0,0,0,0,0,1,2,1,1,329.298.484,666.890.963,0,0,1,10,50,,1,32.9298484,66.6890963,cleaned_from_original,Decimal restored using operation/parent theater bbox; review if exact location matters
282,2008,2008-09-12,2008-09-12,Miramshah airstrike,Insurgency in Khyber Pakhtunkhwa,0,1641,1,0,0,0,0,0,0,0,1,1,329.430.659,699.550.338,0,0,1,,,5,,32.9430659,69.9550338,cleaned_from_original,Decimal restored using operation/parent theater bbox; review if exact location matters
278,2008,2008-09-17,2008-09-17,Baghar China airstrike,Insurgency in Khyber Pakhtunkhwa,0,1646,1,0,0,0,0,0,0,0,1,1,323.202.371,698.597.406,0,0,1,,,,,32.3202371,69.8597406,cleaned_from_original,Decimal restored using operation/parent theater bbox; review if exact location matters
91,2008,2008-10-26,2008-10-26,2008 Abu Kamal raid,Iraq conflict (2003–present),0,2047,0,0,0,0,0,0,1,0,0,1,34.5,408.833,1,0,0,0,8,,0,34.5,40.8833,cleaned_from_original,Decimal restored using operation/parent theater bbox; review if exact location matters
277,2008,2008-11-03,2008-11-03,Wech Baghtu wedding party airstrike,War in Afghanistan,0,2584,0,0,1,0,0,0,0,0,1,1,320.740.778,661.415.263,0,0,1,0,26,37,0,32.0740778,66.1415263,cleaned_from_original,Decimal restored using operation/parent theater bbox; review if exact location matters
283,2009,2009-02-12,2009-02-12,Shrawangai Nazarkhel airstrike,Insurgency in Khyber Pakhtunkhwa,0,1794,1,0,0,0,0,0,0,0,1,2,326.265.744,698.418.718,0,0,1,0,30,,0,32.6265744,69.8418718,cleaned_from_original,Decimal restored using operation/parent theater bbox; review if exact location matters
197,2009,2009-03-14,2009-03-23,Battle of Alasay,War in Afghanistan,9,2715,0,0,0,0,1,0,0,3,1,1,34.844.218,699.312.117,0,0,1,1,35,,,34.844218,69.9312117,cleaned_from_original,Decimal restored using operation/parent theater bbox; review if exact location matters
210,2009,2009-03-16,2009-04-12,First and Second Battles of Kakarak,War in Afghanistan,27,2717,0,0,0,0,1,0,0,2,1,1,329.271.287,661.415.263,0,0,1,1,,,,32.9271287,66.1415263,cleaned_from_original,Decimal restored using operation/parent theater bbox; review if exact location matters
212,2009,2009-05-04,2009-05-04,Granai airstrike,War in Afghanistan,0,2766,0,0,0,1,0,0,0,0,1,1,326.898.446,627.323.884,0,0,1,0,0,117,0,32.6898446,62.7323884,cleaned_from_original,Decimal restored using operation/parent theater bbox; review if exact location matters
231,2009,2009-06-19,2009-08-20,Operation Panther's Claw,War in Afghanistan,62,2812,0,0,0,0,1,0,0,4,1,1,313.636.474,639.586.111,0,0,1,26,200,3,0,31.3636474,63.9586111,cleaned_from_original,Decimal restored using operation/parent theater bbox; review if exact location matters
220,2009,2009-07-02,2009-08-20,Operation Strike of the Sword,War in Afghanistan,49,2825,0,0,0,0,1,1,0,2,1,1,313.918.132.781.982,643.190.231.323.242,0,0,1,3,56,,0,31.39181328,64.31902313,cleaned_from_original,Decimal restored using operation/parent theater bbox; review if exact location matters
207,2009,2009-07-18,2009-07-28,Operation Oqab,War in Afghanistan,10,2841,1,0,0,0,1,0,0,3,1,2,367.285.511,688.678.982,0,0,1,26,20,,0,36.7285511,68.8678982,cleaned_from_original,Decimal restored using operation/parent theater bbox; review if exact location matters
234,2009,2009-07-28,2009-08-05,Operation Champion Sword,War in Afghanistan,8,2851,0,0,0,0,0,1,0,1,1,3,333.585.079,698.597.406,0,0,1,,,,,33.3585079,69.8597406,cleaned_from_original,Decimal restored using operation/parent theater bbox; review if exact location matters
218,2009,2009-08-12,2009-08-15,Battle of Dahaneh,War in Afghanistan,3,2866,0,0,0,1,1,1,0,2,1,1,330.285.568.237.305,621.421.127.319.336,0,0,1,1,21,,1,33.02855682,62.14211273,cleaned_from_original,Decimal restored using operation/parent theater bbox; review if exact location matters
191,2009,2009-09-04,2009-09-04,2009 Kunduz airstrike,War in Afghanistan,0,2889,0,0,0,1,0,0,0,1,1,1,367.285.907,688.680.663,0,0,1,,,100,,36.7285907,68.8680663,cleaned_from_original,Decimal restored using operation/parent theater bbox; review if exact location matters
174,2009,2009-09-14,2009-09-14,2009 Baraawe raid,Operation Enduring Freedom – Horn of Africa,0,2534,0,0,0,0,1,0,1,0,1,2,111.333.334.445.953,440.302.772.521.973,2,0,0,0,6,,0,1.11333334,44.03027725,cleaned_from_original,Decimal restored using operation/parent theater bbox; review if exact location matters
201,2009,2009-10-03,2009-10-03,Battle of Kamdesh,War in Afghanistan,0,2918,0,0,0,1,1,1,0,2,1,1,354.230.995.178.223,713.289.031.982.422,0,0,1,12,150,,8,35.42309952,71.3289032,cleaned_from_original,Decimal restored using operation/parent theater bbox; review if exact location matters
219,2009,2009-12-04,2009-12-12,Operation Cobra's Anger,War in Afghanistan,8,2980,0,0,0,0,1,1,0,2,1,2,324.000.226,644.318.916,0,0,1,4,16,,,32.4000226,64.4318916,cleaned_from_original,Decimal restored using operation/parent theater bbox; review if exact location matters
257,2009,2009-12-16,2009-12-18,Operation Septentrion,War in Afghanistan,2,2992,0,0,0,0,1,0,1,0,1,1,346.313.402,697.182.676,0,0,1,,,,,34.6313402,69.7182676,cleaned_from_original,Decimal restored using operation/parent theater bbox; review if exact location matters
239,2009,2009-12-27,2009-12-27,Night raid on Narang,War in Afghanistan,0,3003,0,0,0,0,0,0,1,1,1,1,347.575.631,710.376.754,0,0,1,,,10,,34.7575631,71.0376754,cleaned_from_original,Decimal restored using operation/parent theater bbox; review if exact location matters
263,2010,2010-02-12,2010-02-12,Raid on Khataba,War in Afghanistan,0,3050,0,0,0,0,0,1,0,0,1,1,335.999.984.741.211,692.169.418.334.961,0,0,1,,,,,33.59999847,69.21694183,cleaned_from_original,Decimal restored using operation/parent theater bbox; review if exact location matters
228,2010,2010-02-13,2010-12-07,Operation Moshtarak,War in Afghanistan,297,3051,1,0,0,1,1,1,1,6,1,3,315.166.664.123.535,641.166.687.011.719,0,0,1,61,120,28,45,31.51666641,64.1166687,cleaned_from_original,Decimal restored using operation/parent theater bbox; review if exact location matters
276,2010,2010-02-21,2010-02-21,Uruzgan helicopter attack,War in Afghanistan,0,3059,0,0,0,0,1,0,1,0,1,1,329.271.287,661.415.263,0,0,1,,,30,,32.9271287,66.1415263,cleaned_from_original,Decimal restored using operation/parent theater bbox; review if exact location matters
270,2010,2010-06-10,2010-06-14,Shah Wali Kot Offensive,War in Afghanistan,4,3168,0,0,0,0,1,0,0,2,1,1,320.740.778,661.415.263,0,0,1,0,100,,0,32.0740778,66.1415263,cleaned_from_original,Decimal restored using operation/parent theater bbox; review if exact location matters
221,2010,2010-07-01,2011-05-01,Battle of Sangin (2010),War in Afghanistan,304,3189,0,0,0,0,0,1,0,3,1,1,320.710.999,648.525.866,0,0,1,,,,,32.0710999,64.8525866,cleaned_from_original,Decimal restored using operation/parent theater bbox; review if exact location matters
192,2010,2010-07-23,2010-07-23,2010 Sangin airstrike,War in Afghanistan,0,3211,0,0,0,1,0,0,0,1,1,1,320.710.999,648.525.866,0,0,1,,39,46,,32.0710999,64.8525866,cleaned_from_original,Decimal restored using operation/parent theater bbox; review if exact location matters
98,2010,2010-09-10,2010-09-13,Battle of the Palm Grove,Iraq conflict (2003–present),3,2731,0,0,0,1,1,1,0,1,0,1,337.733.487,451.494.505,0,0,0,5,,,0,33.7733487,45.1494505,cleaned_from_original,Decimal restored using operation/parent theater bbox; review if exact location matters
245,2010,2010-09-15,2010-12-31,Operation Dragon Strike,War in Afghanistan,107,3265,0,0,0,0,0,1,0,2,2,1,309.960.679,65.475.736,0,0,1,42,,,34,30.9960679,65.475736,cleaned_from_original,Decimal restored using operation/parent theater bbox; review if exact location matters
206,2010,2010-10-31,2010-11-04,Operation Halmazag,War in Afghanistan,4,3311,0,0,0,0,1,1,0,3,1,1,367.285.511,688.678.982,0,0,1,0,12,,0,36.7285511,68.8678982,cleaned_from_original,Decimal restored using operation/parent theater bbox; review if exact location matters
243,2010,2010-11-12,2010-11-25,Operation Bulldog Bite,War in Afghanistan,13,3323,0,0,0,1,1,1,0,1,1,1,348.465.893,71.097.317,0,0,1,10,101,,7,34.8465893,71.097317,cleaned_from_original,Decimal restored using operation/parent theater bbox; review if exact location matters
237,2011,2011-03-01,2011-03-01,Mano Gai airstrike,War in Afghanistan,0,3432,0,0,0,0,1,0,0,0,1,0,348.728.983,711.556.204,0,0,1,,,9,,34.8728983,71.1556204,cleaned_from_original,Decimal restored using operation/parent theater bbox; review if exact location matters
280,2011,2011-03-17,2011-03-17,Datta Khel airstrike,Insurgency in Khyber Pakhtunkhwa,0,2557,1,0,0,0,0,0,0,0,1,2,331.500.015.258.789,704.333.343.505.859,0,0,1,,,,,33.15000153,70.43333435,cleaned_from_original,Decimal restored using operation/parent theater bbox; review if exact location matters
67,2011,2011-03-23,2011-10-31,Operation Unified Protector,Libyan Crisis,222,,1,0,0,1,0,0,0,17,1,0,263.351,17.228.331,,,,,,,,26.3351,17.228331,cleaned_from_original,Decimal restored using operation/parent theater bbox; review if exact location matters
198,2011,2011-03-29,2011-04-08,Battle of Barawala Kalay Valley,War in Afghanistan,10,3460,0,0,0,0,1,1,1,0,1,1,348.465.893,71.097.317,0,0,1,6,100,,6,34.8465893,71.097317,cleaned_from_original,Decimal restored using operation/parent theater bbox; review if exact location matters
200,2011,2011-05-25,2011-05-25,Battle of Do Ab,War in Afghanistan,0,3517,0,0,0,1,1,1,1,2,1,1,353.250.223,709.071.236,0,0,1,0,270,,0,35.3250223,70.9071236,cleaned_from_original,Decimal restored using operation/parent theater bbox; review if exact location matters
246,2011,2011-06-24,2011-06-30,Operation Hammer Down,War in Afghanistan,6,3547,0,0,0,1,0,0,0,1,1,1,35,71.1,0,0,1,3,120,,,35,71.1,cleaned_from_original,
196,2011,2011-08-26,2011-08-26,Baraki Barak airstrike,War in Afghanistan,0,3610,0,0,0,1,0,0,0,0,1,1,339.690.929,689.509.787,0,0,1,,,6,,33.9690929,68.9509787,cleaned_from_original,Decimal restored using operation/parent theater bbox; review if exact location matters
184,2011,2011-10-12,2017-09-01,Operation Observant Compass,Operation Enduring Freedom – Horn of Africa,2151,3292,0,0,0,0,0,0,1,4,1,1,,,,,,,,,,5,27,approx_from_operation_name,Central Africa / LRA theater representative point
187,2012,2012-01-25,2012-01-25,Rescue of Jessica Buchanan and Poul Hagen Thisted,Operation Enduring Freedom – Horn of Africa,0,3397,0,0,0,0,0,0,1,0,1,1,614.027.786.254.883,466.255.569.458.008,1,0,0,0,9,0,0,6.14027786,46.62555695,cleaned_from_original,Decimal restored using operation/parent theater bbox; review if exact location matters
193,2012,2012-02-08,2012-02-08,2012 Kapisa airstrike,War in Afghanistan,0,3776,0,0,0,1,0,0,0,0,1,1,349.971.359,698.359.154,0,0,1,,,8,0,34.9971359,69.8359154,cleaned_from_original,Decimal restored using operation/parent theater bbox; review if exact location matters
264,2012,2012-02-17,2012-02-17,Raid on Kunar,War in Afghanistan,0,3785,0,0,0,1,0,0,1,0,1,1,348.465.893,71.097.317,0,0,1,0,0,6,0,34.8465893,71.097317,cleaned_from_original,Decimal restored using operation/parent theater bbox; review if exact location matters
233,2012,2012-09-14,2012-09-14,September 2012 raid on Camp Bastion,War in Afghanistan,0,3995,0,0,0,0,1,0,1,2,1,1,313.636.474,639.586.111,0,0,1,2,14,,,31.3636474,63.9586111,cleaned_from_original,Decimal restored using operation/parent theater bbox; review if exact location matters
175,2013,2013-10-05,2013-10-05,2013 raid on Barawe,Operation Enduring Freedom – Horn of Africa,0,4016,0,0,0,0,0,0,1,0,1,1,11.161.954,440.318.162,2,0,0,0,0,,0,1.1161954,44.0318162,cleaned_from_original,Decimal restored using operation/parent theater bbox; review if exact location matters
289,2014,2014-03-17,2016-12-03,Shabwah Governorate offensive,Yemeni Crisis,992,,1,0,0,1,0,0,0,2,1,1,143.545.083,470.802.023,0,0,1,30,35,,0,14.3545083,47.0802023,cleaned_from_original,Decimal restored using operation/parent theater bbox; review if exact location matters
80,2014,2014-06-05,2014-10-08,Salahuddin campaign,American-led intervention in Iraq (2014–present),125,-10,0,0,0,1,0,0,0,10,1,2,345.337.527,43.483.738,,,,,3000,46,0,34.5337527,43.483738,cleaned_from_original,Decimal restored using operation/parent theater bbox; review if exact location matters
72,2014,2014-06-14,2014-06-14,2014 American raid in Libya,Operation Enduring Freedom – Trans Sahara,0,2685,0,0,0,0,0,0,1,0,0,1,263.351,17.228.331,0,0,0,0,,,0,26.3351,17.228331,cleaned_from_original,Decimal restored using operation/parent theater bbox; review if exact location matters
173,2014,2014-08-01,2014-08-19,Northern Iraq offensive,Iraq conflict (2003–present),18,4152,0,0,0,1,1,0,0,1,0,1,,,,,,14,100,5000,0,36.35,43.13,approx_from_operation_name,Northern Iraq / Mosul-Sinjar-Mosul Dam theater representative point
43,2014,2014-08-16,2015-05-23,Operation Indian Ocean,Somali Civil War,280,8603,1,0,0,1,0,0,1,2,1,1,5.152.149,46.199.616,0,0,0,,,,,5.152149,46.199616,cleaned_from_original,Decimal restored using operation/parent theater bbox; review if exact location matters
266,2015,2015-01-01,2021-08-30,Operation Freedom's Sentinel,War in Afghanistan,2433,4834,1,0,0,0,0,1,0,39,1,4,3.393.911,67.709.953,0,0,1,,,,,33.93911,67.709953,cleaned_from_original,Decimal restored using operation/parent theater bbox; review if exact location matters
171,2015,2015-01-21,2015-02-10,Mosul offensive (2015),Iraq conflict (2003–present),20,4325,0,0,0,1,0,0,0,7,0,1,358.003.005.981.445,432.896.995.544.434,1,0,0,,256,3,,35.8003006,43.28969955,cleaned_from_original,Decimal restored using operation/parent theater bbox; review if exact location matters
21,2015,2015-02-21,2015-03-17,Al-Hasakah offensive,Syrian Civil War,24,1439,0,0,0,1,1,0,0,8,0,1,36.405.515,407.969.149,2,0,1,155,405,,,36.405515,40.7969149,cleaned_from_original,Decimal restored using operation/parent theater bbox; review if exact location matters
24,2015,2015-03-17,2015-04-27,Battle of Sarrin (March–April 2015),Syrian Civil War,41,1463,0,0,0,1,0,0,0,6,0,1,365.875.015.258.789,382.997.207.641.602,0,0,1,,24,,,36.58750153,38.29972076,cleaned_from_original,Decimal restored using operation/parent theater bbox; review if exact location matters
73,2015,2015-04-14,2015-05-03,Al-Karmah offensive (2015),American-led intervention in Iraq (2014–present),19,303,0,0,0,1,0,0,0,3,0,1,333.997.230.529.785,439.088.897.705.078,2,0,0,,676,,,33.39972305,43.90888977,cleaned_from_original,Decimal restored using operation/parent theater bbox; review if exact location matters
22,2015,2015-05-06,2015-05-31,Al-Hasakah offensive,Syrian Civil War,25,1513,0,0,0,1,0,0,0,4,0,1,36.405.515,407.969.149,2,0,1,55,,85,,36.405515,40.7969149,cleaned_from_original,Decimal restored using operation/parent theater bbox; review if exact location matters
11,2015,2015-05-15,2015-05-15,May 2015 U.S. special forces raid in Syria,Syrian Civil War,0,1522,0,0,0,0,1,0,1,1,0,1,353.296.518,401.350.341,2,0,1,0,62,,0,35.3296518,40.1350341,cleaned_from_original,Decimal restored using operation/parent theater bbox; review if exact location matters
23,2015,2015-06-18,2015-07-27,Battle of Sarrin (June–July 2015),Syrian Civil War,39,1556,0,0,0,1,0,0,0,5,0,1,365.875.015.258.789,382.997.207.641.602,0,0,1,20,80,,,36.58750153,38.29972076,cleaned_from_original,Decimal restored using operation/parent theater bbox; review if exact location matters
20,2015,2015-06-23,2015-08-01,Al-Hasakah city offensive (June 2015),Syrian Civil War,39,1561,0,0,0,1,0,0,0,6,0,1,36.507.867,407.462.671,2,0,1,146,361,,,36.507867,40.7462671,cleaned_from_original,Decimal restored using operation/parent theater bbox; review if exact location matters
74,2015,2015-07-13,2016-06-30,Anbar campaign (2015–16),American-led intervention in Iraq (2014–present),353,393,0,0,0,1,1,0,0,5,0,1,325.597.614,419.196.471,,,,321,3550,158,,32.5597614,41.9196471,cleaned_from_original,Decimal restored using operation/parent theater bbox; review if exact location matters
267,2015,2015-10-03,2015-10-03,Kunduz hospital airstrike,War in Afghanistan,0,5109,0,0,0,1,0,0,1,0,1,1,367.179.985.046.387,688.622.970.581.055,0,0,1,,,42,,36.7179985,68.86229706,cleaned_from_original,Decimal restored using operation/parent theater bbox; review if exact location matters
12,2015,2015-10-21,2015-10-21,Operation Tidal Wave II,Syrian Civil War,0,1681,0,0,0,1,0,0,0,0,0,1,344.536.094.665.527,409.366.683.959.961,2,0,0,,,,,34.45360947,40.9366684,cleaned_from_original,Decimal restored using operation/parent theater bbox; review if exact location matters
7,2015,2015-10-31,2015-11-30,Al-Hawl Offensive (2015),Syrian Civil War,30,1691,0,0,0,1,0,0,0,4,0,1,363.913.993.835.449,411.514.015.197.754,0,0,1,33,493,6,,36.39139938,41.15140152,cleaned_from_original,Decimal restored using operation/parent theater bbox; review if exact location matters
79,2015,2015-11-12,2015-11-15,November 2015 Sinjar offensive,American-led intervention in Iraq (2014–present),3,515,0,0,0,1,0,0,0,4,0,1,363.224.983.215.332,418.641.662.597.656,0,0,0,,300,,0,36.32249832,41.86416626,cleaned_from_original,Decimal restored using operation/parent theater bbox; review if exact location matters
172,2015,2015-12-16,2015-12-17,Nineveh Plains offensive,Iraq conflict (2003–present),1,4654,0,0,0,1,1,0,0,5,1,1,366.166.648.864.746,431.166.648.864.746,0,0,1,6,250,,,36.61666489,43.11666489,cleaned_from_original,Decimal restored using operation/parent theater bbox; review if exact location matters
14,2015,2015-12-23,2015-12-30,Tishrin Dam offensive,Syrian Civil War,7,1744,0,0,0,1,0,0,0,1,0,1,363.814.010.620.117,381.786.003.112.793,0,0,1,9,319,,0,36.38140106,38.17860031,cleaned_from_original,Decimal restored using operation/parent theater bbox; review if exact location matters
269,2016,2016-02-14,2016-03-06,Nangarhar Offensive (2016),War in Afghanistan,21,5243,1,0,0,0,0,0,0,2,0,1,3.411.669.921.875,702.166.976.928.711,0,0,1,,200,,,34.11669922,70.21669769,cleaned_from_original,Decimal restored using operation/parent theater bbox; review if exact location matters
8,2016,2016-02-16,2016-02-24,Al-Shaddadi offensive (2016),Syrian Civil War,8,1799,0,0,0,1,0,0,0,2,0,1,360.560.989.379.883,407.303.009.033.203,0,0,1,26,455,40,,36.05609894,40.7303009,cleaned_from_original,Decimal restored using operation/parent theater bbox; review if exact location matters
284,2016,2016-02-22,2018-08-19,Abyan conflict,Yemeni Crisis,909,,1,0,0,1,0,1,0,5,1,3,136.343.413,460.563.212,0,0,1,244,235,21,,13.6343413,46.0563212,cleaned_from_original,Decimal restored using operation/parent theater bbox; review if exact location matters
19,2016,2016-03-10,2016-06-08,Northern Aleppo offensive,Syrian Civil War,90,1822,0,0,0,1,0,0,0,2,0,1,362.262.393,374.681.396,0,0,1,61,578,,0,36.2262393,37.4681396,cleaned_from_original,Decimal restored using operation/parent theater bbox; review if exact location matters
78,2016,2016-03-24,2016-09-22,Mosul offensive (2016),American-led intervention in Iraq (2014–present),182,648,1,0,0,1,1,1,1,7,1,2,358.003.005.981.445,432.896.995.544.434,1,0,0,83,1399,783,1,35.8003006,43.28969955,cleaned_from_original,Decimal restored using operation/parent theater bbox; review if exact location matters
288,2016,2016-04-24,2016-04-25,Battle of Al Mukalla (2016),Yemeni Crisis,1,,1,0,0,0,0,1,0,4,1,1,145.349.998.474.121,491.235.008.239.746,1,0,1,27,,14,,14.53499985,49.12350082,cleaned_from_original,Decimal restored using operation/parent theater bbox; review if exact location matters
285,2016,2016-04-26,2018-04-29,Hadramaut Insurgency,Yemeni Crisis,733,,1,0,0,1,0,0,0,4,1,1,169.304.135,493.653.149,0,0,1,143,57,12,,16.9304135,49.3653149,cleaned_from_original,Decimal restored using operation/parent theater bbox; review if exact location matters
68,2016,2016-05-12,2016-12-06,2016 Sirte offensive,Libyan Crisis,208,,0,0,0,0,0,1,0,3,0,1,312.071.990.966.797,165.916.996.002.197,2,0,0,740,2500,37,1,31.2071991,16.5916996,cleaned_from_original,Decimal restored using operation/parent theater bbox; review if exact location matters
27,2016,2016-05-21,2016-05-30,Northern Raqqa offensive (May 2016),Syrian Civil War,9,1894,0,0,0,1,0,0,1,1,0,1,359.500.007.629.395,390.167.007.446.289,2,0,1,18,79,,0,35.95000076,39.01670074,cleaned_from_original,Decimal restored using operation/parent theater bbox; review if exact location matters
26,2016,2016-05-31,2016-08-27,Manbij offensive,Syrian Civil War,88,1904,1,0,0,1,0,1,1,8,0,1,362.262.393,374.681.396,,,,,,444,,36.2262393,37.4681396,cleaned_from_original,Decimal restored using operation/parent theater bbox; review if exact location matters
33,2016,2016-09-16,2016-09-27,Northern al-Bab offensive,Syrian Civil War,11,2012,0,0,0,0,0,0,1,2,1,1,362.697.715,375.534.526,0,0,1,8,45,,0,36.2697715,37.5534526,cleaned_from_original,Decimal restored using operation/parent theater bbox; review if exact location matters
13,2016,2016-09-17,2016-09-17,September 2016 Deir ez-Zor air raid,Syrian Civil War,0,2013,0,0,0,1,0,0,0,3,1,0,352.851.153,401.762.432,1,0,1,0,55,,0,35.2851153,40.1762432,cleaned_from_original,Decimal restored using operation/parent theater bbox; review if exact location matters
30,2016,2016-09-28,2016-10-16,2016 Dabiq offensive,Syrian Civil War,18,2024,0,0,0,0,0,0,1,2,1,1,362.262.393,374.681.396,1,0,1,90,197,,0,36.2262393,37.4681396,cleaned_from_original,Decimal restored using operation/parent theater bbox; review if exact location matters
31,2016,2016-11-06,2017-02-23,Battle of al-Bab,Syrian Civil War,109,2063,0,0,0,1,0,0,0,3,0,1,362.697.715,375.534.526,0,0,1,559,1348,444,,36.2697715,37.5534526,cleaned_from_original,Decimal restored using operation/parent theater bbox; review if exact location matters
17,2016,2016-12-08,2016-12-22,Palmyra offensive (December 2016),Syrian Civil War,14,2095,0,0,0,1,0,0,0,0,4,1,342.567.123,383.165.725,0,0,0,149,182,,,34.2567123,38.3165725,cleaned_from_original,Decimal restored using operation/parent theater bbox; review if exact location matters
18,2016,2016-12-29,2017-05-30,2017 southern Syria offensive,Syrian Civil War,152,2116,0,0,0,1,0,0,1,3,0,1,327.128.968,365.662.858,2,0,1,117,21,,,32.7128968,36.5662858,cleaned_from_original,Decimal restored using operation/parent theater bbox; review if exact location matters
222,2017,2017-01-01,2017-03-27,Fall of Sangin,War in Afghanistan,85,5565,0,0,0,1,0,0,0,1,1,1,320.710.999,648.525.866,0,0,1,100,32,,,32.0710999,64.8525866,cleaned_from_original,Decimal restored using operation/parent theater bbox; review if exact location matters
32,2017,2017-01-17,2017-04-05,East Aleppo offensive,Syrian Civil War,78,2135,0,0,0,0,0,0,1,4,1,1,36.372.501.373.291,375.177.993.774.414,2,0,1,174,1250,,,36.37250137,37.51779938,cleaned_from_original,Decimal restored using operation/parent theater bbox; review if exact location matters
287,2017,2017-01-29,2017-01-29,Raid on Yakla,Yemeni Crisis,0,,0,0,0,0,1,0,1,1,1,1,143.588.662,454.498.065,0,0,1,1,14,20,,14.3588662,45.4498065,cleaned_from_original,Decimal restored using operation/parent theater bbox; review if exact location matters
265,2017,2017-02-10,2017-02-10,2017 Sangin airstrike,War in Afghanistan,0,5605,0,0,0,1,0,0,0,0,1,1,320.733.337.402.344,64.837.776.184.082,0,0,1,,,20,,32.07333374,64.83777618,cleaned_from_original,Decimal restored using operation/parent theater bbox; review if exact location matters
4,2017,2017-03-16,2017-03-16,2017 al-Jinah airstrike,Syrian Civil War,0,2193,1,0,0,1,0,0,0,0,1,1,361.078.987.121.582,367.869.987.487.793,1,0,1,,,,,36.10789871,36.78699875,cleaned_from_original,Decimal restored using operation/parent theater bbox; review if exact location matters
75,2017,2017-03-17,2017-03-17,2017 Mosul airstrike,American-led intervention in Iraq (2014–present),0,1006,0,0,0,1,0,0,0,0,0,1,363.400.001.525.879,431.300.010.681.152,1,0,0,,,278,,36.34000015,43.13000107,cleaned_from_original,Decimal restored using operation/parent theater bbox; review if exact location matters
29,2017,2017-03-22,2017-05-10,Battle of Tabqa Dam,Syrian Civil War,49,2199,0,0,0,0,1,1,1,6,1,1,355.501.285,384.849.923,0,0,1,,237,,,35.5501285,38.4849923,cleaned_from_original,Decimal restored using operation/parent theater bbox; review if exact location matters
194,2017,2017-04-13,2017-04-13,2017 Nangarhar airstrike,War in Afghanistan,0,5667,0,0,0,1,0,0,0,0,0,1,340.733.375.549.316,706.312.103.271.484,0,0,1,,,,,34.07333755,70.63121033,cleaned_from_original,Decimal restored using operation/parent theater bbox; review if exact location matters
76,2017,2017-04-25,2017-06-27,Western Nineveh offensive (2017),American-led intervention in Iraq (2014–present),63,1045,0,0,0,1,0,0,0,2,1,1,36.229.574,422.362.435,0,0,0,20,507,,0,36.229574,42.2362435,cleaned_from_original,Decimal restored using operation/parent theater bbox; review if exact location matters
238,2017,2017-04-26,2017-04-27,Mohmand Valley raid,War in Afghanistan,1,5680,1,0,0,1,1,0,1,1,1,1,340.733.375.549.316,706.312.103.271.484,0,0,1,2,36,,2,34.07333755,70.63121033,cleaned_from_original,Decimal restored using operation/parent theater bbox; review if exact location matters
42,2017,2017-05-05,2017-05-05,2017 raid on Barii,Somali Civil War,0,9596,0,0,0,0,0,0,1,1,1,1,101.203.847,496.911.374,0,0,0,1,6,,1,1.01203847,49.6911374,cleaned_from_original,Decimal restored using operation/parent theater bbox; review if exact location matters
5,2017,2017-05-07,2017-05-07,2017 Shayrat missile strike,Syrian Civil War,0,2245,0,0,1,0,0,0,0,0,1,0,344.941.673.278.809,369.111.099.243.164,2,0,1,,,2,,34.49416733,36.91110992,cleaned_from_original,Decimal restored using operation/parent theater bbox; review if exact location matters
15,2017,2017-05-07,2017-07-13,2017 Baghdad–Damascus highway offensive,Syrian Civil War,67,2245,0,1,0,1,0,0,1,4,3,1,,,0,0,0,,,,,33.50583,38.61778,approx_from_operation_name,Al-Tanf / Baghdad-Damascus highway area
16,2017,2017-05-07,2017-07-13,2017 Baghdad–Damascus highway offensive,Syrian Civil War,67,2245,0,0,0,0,0,0,1,4,3,1,,,0,0,0,,,,,33.50583,38.61778,approx_from_operation_name,Al-Tanf / Baghdad-Damascus highway area
286,2017,2017-05-23,2017-05-23,Raid on Al Hathla,Yemeni Crisis,0,,0,0,0,0,1,0,1,0,1,1,15.515.888,454.498.065,0,0,1,0,7,5,0,15.515888,45.4498065,cleaned_from_original,Decimal restored using operation/parent theater bbox; review if exact location matters
28,2017,2017-06-06,2017-10-17,Battle of Raqqa (2017),Syrian Civil War,133,2275,0,0,0,1,0,0,0,1,1,1,359.594.106,389.981.052,2,0,1,655,1246,1700,0,35.9594106,38.9981052,cleaned_from_original,Decimal restored using operation/parent theater bbox; review if exact location matters
10,2017,2017-06-18,2017-06-18,Ja'Din shootdown incident,Syrian Civil War,0,2287,0,1,0,0,0,0,0,1,1,0,356.805.572.509.766,387.111.129.760.742,0,0,1,0,0,0,0,35.68055725,38.71111298,cleaned_from_original,Decimal restored using operation/parent theater bbox; review if exact location matters
25,2017,2017-09-08,2018-08-04,Deir ez-Zor offensive,Syrian Civil War,330,2369,0,0,0,1,1,1,1,9,0,1,34.802.075,38.996.815,,,,1372,3261,634,,34.802075,38.996815,cleaned_from_original,Decimal restored using operation/parent theater bbox; review if exact location matters
77,2017,2017-09-20,2017-10-08,Hawija offensive (2017),American-led intervention in Iraq (2014–present),18,1193,0,0,0,1,0,0,0,3,1,1,353.250.007.629.395,437.722.206.115.723,2,0,0,,942,,,35.32500076,43.77222061,cleaned_from_original,Decimal restored using operation/parent theater bbox; review if exact location matters
179,2017,2017-11-21,2017-11-21,November 2017 Somalia airstrike,Operation Enduring Freedom – Horn of Africa,0,5524,1,0,0,1,0,0,0,0,1,1,4.321.015,452.993.862,0,0,0,0,100,,0,4.321015,45.2993862,cleaned_from_original,Decimal restored using operation/parent theater bbox; review if exact location matters
6,2018,2018-04-12,2018-04-12,2018 missile strikes against Syria,Syrian Civil War,0,2585,0,0,1,0,0,0,0,2,1,0,34.802.075,38.996.815,0,0,1,,,,,34.802075,38.996815,cleaned_from_original,Decimal restored using operation/parent theater bbox; review if exact location matters
268,2018,2018-08-10,2018-08-15,Ghazni offensive,War in Afghanistan,5,6151,0,0,0,1,0,1,1,1,1,1,335.491.676.330.566,684.233.322.143.555,2,0,1,170,1000,150,0,33.54916763,68.42333221,cleaned_from_original,Decimal restored using operation/parent theater bbox; review if exact location matters
180,2018,2018-12-15,2018-12-16,December 2018 airstrikes in Gandarshe,Operation Enduring Freedom – Horn of Africa,1,5913,0,0,0,1,0,0,0,1,1,1,183.333.301.544.189,44.966.667.175.293,0,0,0,,,,,1.83333302,44.96666718,cleaned_from_original,Decimal restored using operation/parent theater bbox; review if exact location matters
9,2019,2019-01-26,2019-10-27,Barisha raid,Syrian Civil War,274,2874,1,0,1,1,1,0,1,0,1,2,361.657.981.872.559,366.273.994.445.801,0,0,1,0,19,2,0,36.16579819,36.62739944,cleaned_from_original,Decimal restored using operation/parent theater bbox; review if exact location matters
36,2019,2019-12-29,2019-12-29,December 2019 United States airstrikes in Iraq and Syria,2019–20 Persian Gulf crisis,0,238,0,0,0,1,0,0,0,0,1,1,329.000.015.258.789,415.999.984.741.211,0,0,0,0,25,0,0,32.90000153,41.59999847,cleaned_from_original,Decimal restored using operation/parent theater bbox; review if exact location matters
34,2020,2020-01-03,2020-01-03,2020 Baghdad International Airport airstrike,2019–20 Persian Gulf crisis,0,243,1,0,0,0,0,0,0,0,2,1,33.258.056.640.625,442.561.111.450.195,2,0,0,,,,,33.25805664,44.25611115,cleaned_from_original,Decimal restored using operation/parent theater bbox; review if exact location matters
35,2020,2020-01-03,2020-01-03,2020 Baghdad International Airport airstrike,2019–20 Persian Gulf crisis,0,243,1,0,0,0,0,0,0,0,2,1,33.258.056.640.625,442.561.111.450.195,2,0,0,0,10,0,0,33.25805664,44.25611115,cleaned_from_original,Decimal restored using operation/parent theater bbox; review if exact location matters
37,2021,2021-02-25,2021-02-25,February 2021 United States airstrike in Syria,2019–20 Persian Gulf crisis,0,662,0,0,0,1,0,0,0,0,1,2,344.536.094.665.527,409.366.683.959.961,2,0,0,0,11,0,0,34.45360947,40.9366684,cleaned_from_original,Decimal restored using operation/parent theater bbox; review if exact location matters
38,2021,2021-06-28,2021-06-28,June 2021 United States airstrike in Syria,2019–20 Persian Gulf crisis,0,785,0,0,0,1,0,0,0,0,1,2,344.536.094.665.527,409.366.683.959.961,2,0,0,0,7,0,0,34.45360947,40.9366684,cleaned_from_original,Decimal restored using operation/parent theater bbox; review if exact location matters
